{
  "approach_speed_mms": 40.0,
  "depth_mm": 60.0,
  "force_n": 1.0,
  "hold_stable_s": 4.0,
  "hold_timeout_s": 5.0,
  "hold_tol_n": 0.30000001192092896,
  "home_deg": [
    82.8968734741211,
    13.36577033996582,
    -159.1376953125,
    55.77,
    90.0,
    0.0
  ],
  "kd": 0.0,
  "ki": 0.0,
  "kp": 0.0,
  "mode": "TOUCH",
  "repeats": 1,
  "slide_dir": "+Y",
  "slide_dist_mm": 50.0,
  "speed_factor_pct": 10.0,
  "speed_mms": 5.0
}